{
  "User": [
    {
      "firstName": "LS",
      "lastName": "LS",
      "emailId": "l@email.com",
      "contactNumber": "1234567",
      "dateOfBirth": "11-1-2000",
      "password": "ankit",
      "id": 1
    },
    {
      "firstName": "BA",
      "lastName": "BA",
      "emailId": "b@email.com",
      "contactNumber": "1234567890",
      "dateOfBirth": "2000-01-01T18:30:00.000Z",
      "password": "ankit",
      "id": 2
    },
    {
      "firstName": "Laveena",
      "lastName": "Sachdev",
      "emailId": "laveena@email.com",
      "contactNumber": "84123456",
      "dateOfBirth": "1999-12-31T18:30:00.000Z",
      "password": "ankit",
      "id": 3
    },
    {
      "firstName": "",
      "lastName": "",
      "emailId": "",
      "contactNumber": "",
      "dateOfBirth": null,
      "password": "ph",
      "id": 4
    }
  ]
}