<?xml version="1.0" encoding="UTF-8"?> 
<configuration scan = "true" >

  <appender name="STDOUT" class="ch.qos.logback.core.ConsoleAppender">
    <encoder>
      <pattern>%d{HH:mm:ss.SSS} [%thread] %highlight(%-5level) %cyan(%logger{35}) - %msg %n</pattern>
    </encoder>
  </appender>
  
  <property name="LOG_FILE_LOCATION" value="/x/data/CTGeneralHospital/Messaging/Logs" />

  <appender name="FILE" class="ch.qos.logback.core.rolling.RollingFileAppender">
    <rollingPolicy class="ch.qos.logback.core.rolling.SizeAndTimeBasedRollingPolicy">
      <fileNamePattern>${LOG_FILE_LOCATION}/MessagingApplication.%d{yyyy-MM-dd}.%i.log</fileNamePattern>      
        <maxFileSize>50MB</maxFileSize>
      <maxHistory>30</maxHistory>
    </rollingPolicy>
    <encoder>
<pattern>%d %p %c{1.} [%t] %m%n</pattern>
</encoder>
  </appender> 

  <root level="INFO">
    <appender-ref ref="STDOUT" />
    <appender-ref ref="FILE" />     
  </root>

<logger name="com.impact" level="INFO" additivity="false">
    <appender-ref ref="STDOUT" />
    <appender-ref ref="FILE" />
</logger>

</configuration>